{"cameraMode":{"drawMode":0,"name":"Shaded","section":"Shading Mode"},"sceneLighting":true,"audioPlay":false,"sceneViewState":{"showFog":true,"showMaterialUpdate":false,"showSkybox":true,"showFlares":true,"showImageEffects":true,"showParticleSystems":true},"in2DMode":false,"pivot":{"x":0.43830016255378725,"y":3.1901915073394777,"z":-3.4083330631256105},"rotation":{"x":0.08940309286117554,"y":-0.20554512739181519,"z":0.01887546293437481,"w":0.9743884205818176},"size":1.0267442464828492,"orthographic":false}