{"cameraMode":{"drawMode":0,"name":"Shaded","section":"Shading Mode"},"sceneLighting":true,"audioPlay":false,"sceneViewState":{"showFog":true,"showMaterialUpdate":true,"showSkybox":true,"showFlares":true,"showImageEffects":true,"showParticleSystems":true},"in2DMode":false,"pivot":{"x":-9.614760398864746,"y":3.063992500305176,"z":-0.6449533700942993},"rotation":{"x":0.06146521866321564,"y":0.5457079410552979,"z":-0.04018131643533707,"w":0.8347486257553101},"size":1.0267442464828492,"orthographic":false}