{"cameraMode":{"drawMode":0,"name":"Shaded","section":"Shading Mode"},"sceneLighting":true,"audioPlay":false,"sceneViewState":{"showFog":true,"showMaterialUpdate":true,"showSkybox":true,"showFlares":true,"showImageEffects":true,"showParticleSystems":true},"in2DMode":false,"pivot":{"x":0.6585698127746582,"y":0.01044607162475586,"z":3.305288314819336},"rotation":{"x":-0.14047330617904664,"y":-0.28011420369148257,"z":0.04148167371749878,"w":-0.9487313628196716},"size":5.337331771850586,"orthographic":false}