{"cameraMode":{"drawMode":0,"name":"Shaded","section":"Shading Mode"},"sceneLighting":true,"audioPlay":false,"sceneViewState":{"showFog":true,"showMaterialUpdate":true,"showSkybox":true,"showFlares":true,"showImageEffects":true,"showParticleSystems":true},"in2DMode":false,"pivot":{"x":255.3755645751953,"y":28.542266845703126,"z":-25.233535766601564},"rotation":{"x":0.22600430250167848,"y":-0.01461125910282135,"z":0.0033903189469128849,"w":0.9740107655525208},"size":133.7658233642578,"orthographic":false}