{"cameraMode":{"drawMode":0,"name":"Shaded","section":"Shading Mode"},"sceneLighting":true,"audioPlay":false,"sceneViewState":{"showFog":true,"showMaterialUpdate":false,"showSkybox":true,"showFlares":true,"showImageEffects":true,"showParticleSystems":true},"in2DMode":false,"pivot":{"x":31.28826332092285,"y":-8.178417205810547,"z":26.43869400024414},"rotation":{"x":-0.10847572982311249,"y":-0.44723284244537356,"z":0.05475151911377907,"w":-0.88613361120224},"size":27.253807067871095,"orthographic":false}